{
  "601 Terry A Francois Blvd": {
    "0":-122.385801,
    "1":37.770135,
    "data":"601 Terry A Francois Blvd"
  },
  "350 RHODE ISLAND ST": {
    "0":-122.402692,
    "1":37.765354,
    "data":"350 RHODE ISLAND ST"
  },
  "650 KING ST": {
    "0":-122.401611,
    "1":37.770589,
    "data":"650 KING ST"
  },
  "635 08th St": {
    "0":-122.404467,
    "1":37.770928,
    "data":"635 08th St"
  },
  "100 HENRY ADAMS ST": {
    "0":-122.403931,
    "1":37.768401,
    "data":"100 HENRY ADAMS ST"
  },
  "40 RHODE ISLAND ST": {
    "0":-122.40306,
    "1":37.769274,
    "data":"40 RHODE ISLAND ST"
  },
  "55 DIVISION ST": {
    "0":-122.403298,
    "1":37.769548,
    "data":"55 DIVISION ST"
  },
  "450 10th St": {
    "0":-122.411002,
    "1":37.770591,
    "data":"450 10th St"
  },
  "189 Hubbell St": {
    "0":-122.397815,
    "1":37.76642,
    "data":"189 Hubbell St"
  },
  "675 TOWNSEND ST": {
    "0":-122.402847,
    "1":37.770388,
    "data":"675 TOWNSEND ST"
  },
  "1550 BRYANT ST": {
    "0":-122.411236,
    "1":37.767874,
    "data":"1550 BRYANT ST"
  },
  "650 TOWNSEND ST": {
    "0":-122.402778,
    "1":37.771024,
    "data":"650 TOWNSEND ST"
  },
  "600 TOWNSEND ST": {
    "0":-122.401872,
    "1":37.77174,
    "data":"600 TOWNSEND ST"
  },
  "1625 Owens St": {
    "0":-122.393504,
    "1":37.768128,
    "data":"1625 Owens St"
  },
  "1650 03RD ST": {
    "0":-122.389408,
    "1":37.768365,
    "data":"1650 03RD ST"
  },
  "83 Channel St": {
    "0":-122.393194,
    "1":37.772656,
    "data":"83 Channel St"
  },
  "200 KANSAS ST": {
    "0":-122.403817,
    "1":37.767124,
    "data":"200 KANSAS ST"
  },
  "923 Brannan St": {
    "0":-122.405492,
    "1":37.770754,
    "data":"923 Brannan St"
  },
  "910 Brannan St": {
    "0":-122.405704,
    "1":37.771168,
    "data":"910 Brannan St"
  },
  "2020 Alameda St": {
    "0":-122.404955,
    "1":37.768673,
    "data":"2020 Alameda St"
  },
  "30 Division St": {
    "0":-122.410083,
    "1":37.768805,
    "data":"30 Division St"
  },
  "501 08th St": {
    "0":-122.40644,
    "1":37.772501,
    "data":"501 08th St"
  },
  "1590 Owens St": {
    "0":-122.39583,
    "1":37.768434,
    "data":"1590 Owens St"
  },
  "1670 Owens St": {
    "0":-122.394847,
    "1":37.76755,
    "data":"1670 Owens St"
  },
  "409 Illinois St": {
    "0":-122.387222,
    "1":37.766705,
    "data":"409 Illinois St"
  },
  "444 DEHARO ST": {
    "0":-122.401613,
    "1":37.764189,
    "data":"444 DEHARO ST"
  },
  "66 Potrero St": {
    "0":-122.407905,
    "1":37.76863,
    "data":"66 Potrero St"
  },
  "100 Potrero Ave": {
    "0":-122.40888,
    "1":37.767745,
    "data":"100 Potrero Ave"
  },
  "321 Florida St": {
    "0":-122.410946,
    "1":37.764936,
    "data":"321 Florida St"
  },
  "1002 Bryant St": {
    "0":-122.40705,
    "1":37.772554,
    "data":"1002 Bryant St"
  },
  "235 Kansas St": {
    "0":-122.403267,
    "1":37.766793,
    "data":"235 Kansas St"
  },
  "590 15th St": {
    "0":-122.406346,
    "1":37.767309,
    "data":"590 15th St"
  },
  "828 Brannan St": {
    "0":-122.403927,
    "1":37.772573,
    "data":"828 Brannan St"
  },
  "2157 17th St": {
    "0":-122.405759,
    "1":37.765023,
    "data":"2157 17th St"
  },
  "Pier 50": {
    "0":-122.382127,
    "1":37.773118,
    "data":"Pier 50"
  },
  "Terry Francois Blvd": {
    "0":-122.386775,
    "1":37.772948,
    "data":"Terry Francois Blvd"
  },
  "1300 Bryant St": {
    "0":-122.411169,
    "1":37.768646,
    "data":"1300 Bryant St"
  },
  "2431 Alameda St": {
    "0":-122.409248,
    "1":37.767757,
    "data":"2431 Alameda St"
  },
  "1504 Bryant St": {
    "0":-122.410956,
    "1":37.768139,
    "data":"1504 Bryant St"
  },
  "364 09th St": {
    "0":-122.410626,
    "1":37.772783,
    "data":"364 09th St"
  },
  "220 San Bruno St": {
    "0":-122.406036,
    "1":37.766215,
    "data":"220 San Bruno St"
  },
  "2208 Alameda St": {
    "0":-122.406796,
    "1":37.768562,
    "data":"2208 Alameda St"
  },
  "430 Irwin St": {
    "0":-122.398186,
    "1":37.767928,
    "data":"430 Irwin St"
  },
  "902 07th St": {
    "0":-122.399903,
    "1":37.770231,
    "data":"902 07th St"
  },
  "204 Division St": {
    "0":-122.406342,
    "1":37.769499,
    "data":"204 Division St"
  },
  "180 Pennsylvania St": {
    "0":-122.393832,
    "1":37.764324,
    "data":"180 Pennsylvania St"
  },
  "101 Utah St": {
    "0":-122.406338,
    "1":37.768255,
    "data":"101 Utah St"
  },
  "2103 16th St": {
    "0":-122.407626,
    "1":37.765531,
    "data":"2103 16th St"
  },
  "975 BRYANT ST": {
    "0":-122.405845,
    "1":37.772926,
    "data":"975 BRYANT ST"
  },
  "2264 16th St": {
    "0":-122.409035,
    "1":37.765947,
    "data":"2264 16th St"
  },
  "855 Terry A Francois Blvd": {
    "0":-122.386755,
    "1":37.764853,
    "data":"855 Terry A Francois Blvd"
  },
  "840 Brannan St": {
    "0":-122.404145,
    "1":37.772401,
    "data":"840 Brannan St"
  },
  "685 07th St": {
    "0":-122.401615,
    "1":37.772179,
    "data":"685 07th St"
  },
  "300 Deharo St": {
    "0":-122.401777,
    "1":37.76594,
    "data":"300 Deharo St"
  },
  "1590 Bryant St": {
    "0":-122.410769,
    "1":37.767192,
    "data":"1590 Bryant St"
  },
  "555 09th St": {
    "0":-122.407328,
    "1":37.770716,
    "data":"555 09th St"
  },
  "438 08th St": {
    "0":-122.407924,
    "1":37.773099,
    "data":"438 08th St"
  },
  "385 09th St": {
    "0":-122.409978,
    "1":37.772847,
    "data":"385 09th St"
  },
  "2480 16th St": {
    "0":-122.410964,
    "1":37.765714,
    "data":"2480 16th St"
  },
  "2428 16th St": {
    "0":-122.410673,
    "1":37.765365,
    "data":"2428 16th St"
  },
  "2500 17th St": {
    "0":-122.408397,
    "1":37.76485,
    "data":"2500 17th St"
  },
  "2446 17th St": {
    "0":-122.407807,
    "1":37.765017,
    "data":"2446 17th St"
  },
  "375 Berry St": {
    "0":-122.397162,
    "1":37.772971,
    "data":"375 Berry St"
  }
}